,Model,Dataset,RMSE
0,Real data,Real test,0.5274764719545153
0,Distilled GPT,Synth test,1.3097677921259747
1,Distilled GPT,Real test,1.1371747523756
0,GPT2XL,Synth test,1.5771141545674823
1,GPT2XL,Real test,1.129454344582687
0,Cerebras,Synth test,1.6695373125981528e+16
1,Cerebras,Real test,1.118950330951187
0,Phi15,Synth test,5.162163539295071
1,Phi15,Real test,0.9128535295305318
