,Model,Dataset,RMSE
0,Real data,Real test,0.5274764719545153
0,GPT2XL,Synth test,1.3410221833038019
1,GPT2XL,Real test,1.1370269251116736
0,Cerebras,Synth test,1.4329020365063665
1,Cerebras,Real test,1.1372728715279026
0,Phi15,Synth test,1891224065413.155
1,Phi15,Real test,1.1370359245444275
