,Model,Dataset,RMSE
0,Real data,Real test,0.5274764719545153
0,Distilled GPT,Synth test,1.1729309022204844
1,Distilled GPT,Real test,0.9102873264513786
0,GPT2XL,Synth test,0.46878283303804125
1,GPT2XL,Real test,0.815326607721317
0,Cerebras,Synth test,0.4344088226638936
1,Cerebras,Real test,0.8334628821883184
0,Phi15,Synth test,0.417365412928186
1,Phi15,Real test,0.81985353069281
