,Model,Dataset,RMSE
0,Real data,Real test,0.5274764719545153
0,Distilled GPT,Synth test,0.9643826948418261
1,Distilled GPT,Real test,1.07576885616383
0,GPT2XL,Synth test,0.3375515989484302
1,GPT2XL,Real test,0.8878236507597795
0,Cerebras,Synth test,0.33143337131576545
1,Cerebras,Real test,0.8957993966614913
0,Phi15,Synth test,0.2887108352370914
1,Phi15,Real test,0.8796625286578931
