,Model,Dataset,RMSE
0,Real data,Real test,0.5274764719545153
0,Distilled GPT,Synth test,8.401503834492271e+18
1,Distilled GPT,Real test,1.132285050952543
0,GPT2XL,Synth test,1.114124821269732
1,GPT2XL,Real test,0.7592129408660463
0,Cerebras,Synth test,0.7253585184510689
1,Cerebras,Real test,0.8069166611625451
0,Phi15,Synth test,3.037360188677158
1,Phi15,Real test,0.767988346672612
