,Model,Dataset,RMSE
0,Real data,Real test,0.5274764719545153
0,Distilled GPT,Synth test,1.976278629008135
1,Distilled GPT,Real test,1.4701348575891446
0,GPT2XL,Synth test,0.2634927697428877
1,GPT2XL,Real test,1.0593947735886826
0,Cerebras,Synth test,0.22812744324839135
1,Cerebras,Real test,0.8941776209725577
0,Phi15,Synth test,0.23497417809244853
1,Phi15,Real test,0.9901993016040653
