,Model,95% bound,DCRn ratio,NNDR ratio,DCRn median,NNDR median,Minimal distance
0,Real dataset,2.1444444444444444,1.0,1.0,0.026871268114833403,0.5075619304580142,0.0
0,DistillGPT2,0.8957264957264957,0.2106537530266344,0.32919805050952594,0.0,0.0,0.0
0,GPT2xl,0.022222222222222223,0.015686717074822255,0.10687492313368589,0.0,0.0,0.0
0,Cerebras,0.022222222222222223,0.013741833746339265,0.11344797723617468,0.0,0.0,0.0
0,Phi1.5,0.022222222222222223,0.018791034638895178,0.12471882029492627,0.0,0.0,0.0
