,Model,95% bound,DCRn ratio,NNDR ratio,DCRn median,NNDR median,Minimal distance
0,Real dataset,2.1444444444444444,1.0,1.0,0.026871268114833403,0.5075619304580142,0.0
0,DistillGPT2,5.0396873468734675,9.501750291715286,8.06344410876133,0.991410680348334,0.9449920144852064,0.0
0,GPT2xl,4.138461538461538,4.328596802841918,3.8076923076923075,0.6162216255482602,0.9090406063401437,0.0
0,Cerebras,4.099145299145299,4.334914048606994,3.947773501924134,0.600438421681945,0.910264655975696,0.0
0,Phi1.5,4.149806678836018,4.196304849884527,3.570848146267141,0.6001686252414536,0.9016602672847562,0.0
