,Model,95% bound,DCRn ratio,NNDR ratio,DCRn median,NNDR median,Minimal distance
0,Real dataset,2.1444444444444444,1.0,1.0,0.026871268114833403,0.5075619304580142,0.0
0,DistillGPT2,1.7657329534833803,0.8488085456039441,0.8552875695732839,0.015544041450777202,0.4285714285714286,0.0
0,GPT2xl,1.0394061729078803,0.3293943870014771,0.4082303238929745,0.0,0.0,0.0
0,Cerebras,1.0333333333333334,0.31310183834257366,0.39189607175997526,0.0,0.0,0.0
0,Phi1.5,1.0333333333333334,0.3200352009386917,0.4040561622464899,0.0,0.0,0.0
