,Model,95% bound,DCRn ratio,NNDR ratio,DCRn median,NNDR median,Minimal distance
0,Real dataset,7.432462929776719,1.0,1.0,0.4552802757784251,0.8449172188634158,0.030742811948517867
0,Distilled GPT,1.38924342029583e+16,15.52892561983471,3.9875311720698257,1.0,0.9620510874569337,0.17851120155553227
0,GPT2XL,1331.1931641095293,3.145077720207254,1.7155465037338764,0.66454103038743,0.8966562256816154,0.08514059302290042
0,Cerebras,802.0314337750897,2.9486673247778876,1.6578073089700998,0.6500685075337385,0.8987227028995548,0.10349249197122078
0,Phi1.5,125.84186874999861,2.4873583260680037,1.5015634771732334,0.601047674387974,0.8866879845892822,0.07918446838650538
