,Model,95% bound,DCRn ratio,NNDR ratio,DCRn median,NNDR median,Minimal distance
0,Real dataset,2.1444444444444444,1.0,1.0,0.026871268114833403,0.5075619304580142,0.0
0,DistillGPT2,8.03339958014965,100.12359550561797,74.0,1.0,,0.0
0,GPT2xl,6.019230769230769,19.785219399538107,17.181818181818183,1.0,0.9604691930121614,0.0
0,Cerebras,5.971866239816244,17.828451882845187,15.100178890876565,1.0,0.9592200563931784,0.0
0,Phi1.5,5.77403846153846,17.556701030927837,15.853932584269662,1.0,0.9566469932591333,0.0
