,Model,95% bound,DCRn ratio,NNDR ratio,DCRn median,NNDR median,Minimal distance
0,Real dataset,7.432462929776719,1.0,1.0,0.4552802757784251,0.8449172188634158,0.030742811948517867
0,Distilled GPT,5.311569621756021,0.7881090746535538,1.3174971031286211,0.4292581053479191,0.869046984017072,0.04262973304249924
0,GPT2XL,7.704741305867922,0.3463480309660047,0.8761726078799249,0.3483948366082087,0.8308115611987039,0.03707607204883813
0,Cerebras,8.252351601610778,0.40597539543058,0.9502681618722575,0.35145059690480074,0.8393286081883125,0.04582045811508307
0,Phi1.5,6.094536511492085,0.3136288998357964,0.8726591760299626,0.3394648883865807,0.8316208656983646,0.06211436217145956
