,Model,95% bound,DCRn ratio,NNDR ratio,DCRn median,NNDR median,Minimal distance
0,Real dataset,7.432462929776719,1.0,1.0,0.4552802757784251,0.8449172188634158,0.030742811948517867
0,Distilled GPT,5.18823017477267,0.5661707126076743,0.9598236158745713,0.38305661207423236,0.8398370551031104,0.04480287176767868
0,GPT2XL,10.24061083643398,0.4771048744460857,0.9426906265177271,0.3486299219555712,0.8375822259962398,0.056751375211638186
0,Cerebras,9.32488964573364,0.8441678192715537,1.1424745581146223,0.420427267883971,0.8531072203009348,0.03976205524491975
0,Phi1.5,8.4254892622978,0.3373453694416583,0.784121320249777,0.32251842027006206,0.8153967843567562,0.036841709284058305
