,Model,95% bound,DCRn ratio,NNDR ratio,DCRn median,NNDR median,Minimal distance
0,Real dataset,2.1444444444444444,1.0,1.0,0.026871268114833403,0.5075619304580142,0.0
0,DistillGPT2,3.0619679812182734,2.492433061699651,2.170130327580134,0.46632124352331605,0.8454740538431526,0.0
0,GPT2xl,2.31608144350674,1.1448999046711152,1.1003500583430572,0.04663212435233161,0.5718253968253968,0.0
0,Cerebras,2.2591239316239293,1.118145445987291,1.0910780669144982,0.04145077720207254,0.5675100322880818,0.0
0,Phi1.5,2.2531196581196564,1.129673450070989,1.0886516593177071,0.04352083377350314,0.5696071709149353,0.0
