,Model,95% bound,DCRn ratio,NNDR ratio,DCRn median,NNDR median,Minimal distance
0,Real dataset,7.432462929776719,1.0,1.0,0.4552802757784251,0.8449172188634158,0.030742811948517867
0,Distilled GPT,99.60604202218815,5.1255742725880555,2.215434083601286,0.6741704354870136,0.9092723806431311,0.09453014227289248
0,GPT2XL,10.576939374786425,1.442002442002442,1.1727322107550244,0.495510301453726,0.8615247925771063,0.09180001584474248
0,Cerebras,11.248440206290725,1.4081878386514148,1.1727322107550244,0.4964936787728279,0.8604237594448256,0.08372393232532857
0,Phi1.5,9.361525484889777,1.3028209556706967,1.0629190304280558,0.48674190015602253,0.851812111423162,0.07307347948129045
