,Model,95% bound,DCRn ratio,NNDR ratio,DCRn median,NNDR median,Minimal distance
0,Real dataset,2.1444444444444444,1.0,1.0,0.026871268114833403,0.5075619304580142,0.0
0,DistillGPT2,0.2222522225222252,0.12163509471585245,0.2635125649305068,0.0,0.0,0.0
0,GPT2xl,0.011111111111111112,0.0008896797153024911,0.06812247804414906,0.0,0.0,0.0
0,Cerebras,0.011111111111111112,0.0002222716159146477,0.08735048930772019,0.0,0.0,0.0
0,Phi1.5,0.011111111111111112,0.00044464206313917296,0.07707036859741503,0.0,0.0,0.0
