,Model,95% bound,DCRn ratio,NNDR ratio,DCRn median,NNDR median,Minimal distance
0,Real dataset,7.432462929776719,1.0,1.0,0.4552802757784251,0.8449172188634158,0.030742811948517867
0,Distilled GPT,6.366050444233741,1.5396825396825398,1.5125628140703518,0.5052217561038257,0.8850932059346401,0.07503865851013235
0,GPT2XL,5.564842814512378,0.5390534821085032,0.9351717464925012,0.3986048329620857,0.8368831648101267,0.0696680714393916
0,Cerebras,5.560232819036346,0.5497869043006587,0.8735362997658079,0.3927685782747283,0.8305993293819331,0.059918382879864965
0,Phi1.5,5.64800401782977,0.5631105900742478,0.9579050416054822,0.39915147738903134,0.8413154007074526,0.04934839387983607
